,Cluster,Top_Hashtags,Top_Mentions,Top_URLs
0,8,[],[],[]
1,27,[],['@TGI_David'],[]
2,55,[],['@69maryjanee'],"['http://t.co/mMiVgz7x', 'http://t.co/t05IeKSs', 'http://t.co/8iePERFz']"
3,59,[],[],[]
4,78,[],[],[]
5,79,[],[],[]
6,111,"['#wow', '#kjp', '#nautical']",[],"['http://t.co/CRp5SaF8', 'http://t.co/3pTG3p61', 'http://t.co/PC6lphTo']"
7,113,[],[],"['http://t.co/md0pVEWg', 'http://t.co/RHJA1QEh', 'http://t.co/FYJXoT3S']"
8,114,[],[],"['http://t.co/ZJhKjC8T', 'http://t.co/83HllkVC', 'http://t.co/pmTZ3D1M']"
9,115,[],[],"['http://t.co/uATy95kW', 'http://t.co/Q7wgJBVS', 'http://t.co/SjgwmRxo']"
10,117,[],[],"['http://t.co/HTQeT7WI', 'http://t.co/LUYkWq3b', 'http://t.co/QAgv7KK2']"
11,119,[],[],"['http://t.co/UREn4waQ', 'http://t.co/xMuoMJaC', 'http://t.co/KlVn56hR']"
12,120,[],[],"['http://t.co/uKSeZmXu', 'http://t.co/dfu63ccL', 'http://t.co/QDt8ckZV']"
13,121,[],[],"['http://t.co/7yzUAn2c', 'http://t.co/R4bYelL7', 'http://t.co/X9MmDrWw']"
14,123,['#judgeme'],['@'],"['http://t.co/NBThrgEx', 'http://t.co/9yt8amBr', 'http://t.co/4L0hDqVd']"
15,164,[],[],"['http://t.co/JMAzOtCM', 'http://t.co/ZU7a3XKp', 'http://t.co/PRA4Uanf']"
16,166,[],[],"['http://t.co/KJGURtlC', 'http://t.co/sKC7VKzk', 'http://t.co/Gu1Od3M3']"
17,176,['#tbt'],[],"['http://t.co/N6d4JhOi', 'http://t.co/6UuB4eZV', 'http://t.co/H3MYgQax']"
18,180,"['#tbt', '#regram', '#follow']","['@kpolsie', '@lisa_will25', '@ashleysmall']","['http://t.co/TLjCcEZs', 'http://t.co/wuNWkqDO', 'http://t.co/SAGMClVS']"
19,195,[],[],"['http://t.co/lEFLgfDk', 'http://t.co/QJ6Yqzg0', 'http://t.co/epHezDU2']"
20,196,[],[],"['http://t.co/kJXd3qQs', 'http://t.co/ZL4kBl1V', 'http://t.co/cpOLqZMC']"
21,197,[],[],"['http://t.co/DY9kOVZ9', 'http://t.co/l0b6imzD', 'http://t.co/YQ2ibTw1']"
22,198,[],[],"['http://t.co/AEUwJt35', 'http://t.co/xis20H4Q', 'http://t.co/1HpVjqrs']"
23,202,"['#wedding', '#funtimes']",['@samantha_lynch0421'],"['http://t.co/63jPzLnd', 'http://t.co/DNZENV6l', 'http://t.co/KlA1TmW2']"
24,238,[],[],[]
25,278,['#vpdebate'],['@JoeBiden'],[]
26,306,[],[],"['http://t.co/7ZStnZgZ', 'http://t.co/UkaRslmV', 'http://t.co/Ixyvsghb']"
27,313,"['#p2', '#vpdebate', '#gapol']",[],[]
28,340,[],[],[]
29,362,[],[],"['http://t.co/TMOvxvWv', 'http://t.co/8IFBBspB', 'http://t.co/5Ew4wooh']"
30,415,[],[],"['http://t.co/TLNHHqE4', 'http://t.co/PgcX5PEN', 'http://t.co/yRkGvC6I']"
31,422,[],[],"['http://t.co/ynG3e8ye', 'http://t.co/AZXqZmSN', 'http://t.co/AGEXW48L']"
32,427,[],[],"['http://t.co/4i1lMS4j', 'http://t.co/DK9IfSrt', 'http://t.co/DmIF8N7b']"
33,428,[],[],"['http://t.co/Wm87QVdW', 'http://t.co/ms37H9S3', 'http://t.co/AKrlyrVl']"
34,429,[],[],"['http://t.co/YpDF6toq', 'http://t.co/zMCBNLZp', 'http://t.co/hRARDxfX']"
35,430,[],[],"['http://t.co/56pgMfJw', 'http://t.co/9j34zJdZ', 'http://t.co/W1oj8u7g']"
36,436,[],[],"['http://t.co/vmCUgqOH', 'http://t.co/xhNSwZYF', 'http://t.co/g3XprDTN']"
37,441,"['#do', '#forget', '#candy']","['@CourtenayVQA', '@']","['http://t.co/SzMXXpWZ', 'http://t.co/AAZKoKg9', 'http://t.co/vQS9eITM']"
38,495,['#mlbtonight'],[],[]
39,524,[],[],"['http://t.co/mJrxLW93', 'http://t.co/XyD0pxx7']"
40,540,[],[],"['http://t.co/u8sbsgNX', 'http://t.co/l3LNsLNM', 'http://t.co/kYnAk5en']"
41,552,[],"['@ayyokell', '@meganbealee', '@ashiejayy']","['http://t.co/D9o5X4v9', 'http://t.co/7qyENRD4', 'http://t.co/TfomFiXT']"
42,560,[],['@youtube'],['http://t.co/GKgAxG4I']
43,588,"['#livejump', '#legend']",['@redbullstratos'],"['http://t.co/Re42BvBC', 'http://t.co/QtM0skfN']"
44,596,[],[],[]
45,598,[],['@'],"['http://t.co/rzQumumS', 'http://t.co/PtlWM0Ss', 'http://t.co/fmWgsasl']"
46,607,['#livejump'],['@RedBullStratos'],"['http://t.co/u65YSgmX', 'http://t.co/RUJcy4nG']"
47,618,[],[],"['http://t.co/uazU0UBO', 'http://t.co/kiFbONsP', 'http://t.co/WU3Y6yoA']"
48,619,[],[],"['http://t.co/AHlSmwQi', 'http://t.co/lmAeZzPQ', 'http://t.co/b3DGtyY6']"
49,620,['#prsaicon'],[],"['http://t.co/JpfpCtnn', 'http://t.co/MkbHN1F9', 'http://t.co/GUbLP2le']"
50,624,['#fair2012'],['@my_name_is_bubbles7'],"['http://t.co/4DwKNc2s', 'http://t.co/RQ7o0Hqy', 'http://t.co/su8ehkiT']"
51,647,['#amped'],"['@CEEsheeBOMB', '@ohMYE_shefLy']",[]
52,667,[],[],"['http://t.co/WdYJPesZ', 'http://t.co/Wt4rRGTP', 'http://t.co/oVUD4lRE']"
53,818,['#stockholm'],[],"['http://t.co/rWbgDHM1', 'http://t.co/yGmeBhZB', 'http://t.co/TEVksOWa']"
54,827,[],[],[]
55,860,[],[],[]
56,867,[],[],"['http://t.co/zolZhyze', 'http://t.co/oteKu3q7']"
57,877,['#debate'],[],[]
58,926,[],[],[]
59,945,[],[],"['http://t.co/FMLzqPQG', 'http://t.co/pcXkTgoS']"
60,949,['#romney'],['@BarackObama'],[]
61,951,[],[],[]
62,969,"['#ajc2012debate', '#debate']","['@Heritage', '@WhiteHouse', '@BriannaKay27']",['http://t.co/6g1gAP6H']
63,987,"['#debate', '#debates']",[],[]
64,988,[],[],"['http://t.co/GHIEKznH', 'http://t.co/xSokvty2']"
65,997,"['#debate', '#potus', '#sensata']",[],[]
66,1009,['#debates'],[],[]
67,1015,[],"['@ian_Guyo', '@lagibabi']","['http://t.co/7i1jMnHZ', 'http://t.co/q5hDW6x3', 'http://t.co/CmSYZrlc']"
68,1026,"['#zing', '#debate']",[],[]
69,1057,"['#douche', '#debate']",[],[]
70,1060,"['#usmnt', '#budlight', '#bubbles']",[],"['http://t.co/chzrdkuq', 'http://t.co/yHMehP9z', 'http://t.co/7FmGPUC4']"
71,1061,[],"['@14Kathi', '@michellemalkin']","['http://t.co/P3t0urvi', 'http://t.co/qyIvnM19']"
72,1078,[],[],[]
73,1082,['#debate'],[],[]
74,1088,"['#debate', '#cnndebate']",[],['http://t.co/tGoqlXAN']
75,1089,"['#current2012', '#flipflop', '#debate']",['@MittRomney'],[]
76,1090,[],['@brianlundy'],[]
77,1158,"['#ahs', '#season2']",['@morglodo_'],[]
78,1291,['#unionjtwitcam'],['@UnionJworld'],"['http://t.co/fNRxmMDl)', 'http://t.co/pcz0109W)', 'http://t.co/AE57uQK7)']"
79,1293,['#unionjtwitcam'],['@UnionJworld'],"['http://t.co/TmKihEkn)', 'http://t.co/u3SG5I4O)', 'http://t.co/H1mvOtgw)']"
80,1359,"['#2012', '#chicago']",['@tezmcclain'],"['http://t.co/ajqCtl1T', 'http://t.co/sgGTUiAU', 'http://t.co/OeL7hBdK']"
81,1371,['#xfactor'],[],[]
82,1450,['#nadarkhani'],['@ACLJ'],"['http://t.co/fZbJserR', 'http://t.co/ovYzx6XP', 'http://t.co/9Fy4tshb']"
83,1461,"['#getglue', '#walkingdead']",[],"['http://t.co/Oo1S7pFY', 'http://t.co/pqCquBUF']"
84,1543,['#obama'],[],[]
85,1556,"['#debate', '#strongerwithobama']",[],[]
86,1559,['#cspan2012'],[],[]
87,1580,"['#debate', '#zing', '#lynndebate']",['@BBCNewsUS'],[]
88,1583,['#unlikemormonromney'],[],[]
89,1586,['#apgca2'],[],[]
90,1603,[],['@TheSexyUnicorn'],[]
91,1605,"['#highlightofthedebate', '#debate', '#ivillagedebate']","['@OrigAssholeHop', '@ColoradoMom']",[]
92,1610,[],[],[]
93,1616,"['#debate', '#amen', '#thatsawrap']",[],[]
94,1703,"['#pll', '#finally', '#viggle']",[],[]
95,1706,['#obviously'],[],[]
96,1727,"['#bestbuy', '#blackops2']",[],"['http://t.co/AvDMr7u8', 'http://t.co/97aHutw8', 'http://t.co/24mkbiND']"
97,1732,[],[],"['http://t.co/QfVb3fKp', 'http://t.co/sgOq5iv7']"
98,1750,[],[],"['http://t.co/PJG1UrTy', 'http://t.co/tybU7OUz', 'http://t.co/Hde1jY4Y']"
99,1783,[],['@tourt22x'],"['http://t.co/kXwy5Lzh', 'http://t.co/wbCvliuc', 'http://t.co/8FjrpBzx']"
100,1833,[],[],"['http://t.co/k663Is1e', 'http://t.co/MXBoWxvt', 'http://t.co/Ghx42AQD']"
101,1844,"['#nineties', '#90s', '#repost']",['@kennethalas'],"['http://t.co/56lUcH3T', 'http://t.co/4R9JcwtP', 'http://t.co/jWArEkwa']"
102,1870,['#repost'],[],"['http://t.co/o3xEQCAR', 'http://t.co/NBQ4S90N', 'http://t.co/qhuTQaQ6']"
103,1891,"['#godevils', '#forkem']",['@'],"['http://t.co/TswcNgpw', 'http://t.co/OQPU5aCp', 'http://t.co/o38mLpL9']"
104,1898,[],['@'],"['http://t.co/OqRHao1l', 'http://t.co/s8avt78h', 'http://t.co/QROGSKMk']"
105,1899,[],"['@ABrenesBoxing', '@CityofAngelsBox', '@MsFitzieBaby']","['http://t.co/ctDGmqpT', 'http://t.co/xRnVGtcE', 'http://t.co/l6SxFIGv”']"
106,1931,[],[],"['http://t.co/bF1Zrv07', 'http://t.co/q5EjBYCh', 'http://t.co/luExhuzi']"
107,1966,"['#holiday', '#portugal', '#2012']",['@always_dreamin1'],"['http://t.co/E3Ggklqp', 'http://t.co/Q23elZnG', 'http://t.co/3GAKC1qt']"
108,1975,[],[],"['http://t.co/MmD2VRuj', 'http://t.co/icpTXLDb']"
109,1992,['#samedamntime'],['@'],"['http://t.co/PXTfeGqM', 'http://t.co/WUPJmOe1', 'http://t.co/URwsFHia']"
110,1994,"['#backtocali', '#cowboysnation']",[],"['http://t.co/LDYP55py', 'http://t.co/YJ3m29dU', 'http://t.co/Q6AP2ZJj']"
111,2014,[],[],"['http://t.co/yxRWzRDO', 'http://t.co/12pKhwXI', 'http://t.co/u0gYtBuK']"
112,2015,[],[],"['http://t.co/AP0wjcrD', 'http://t.co/90WerP3X', 'http://t.co/i0qLrge0']"
113,2024,"['#worldseries', '#sfgiants']",['@SFGiants'],[]
114,2026,[],['@GwapsDreaded'],"['http://t.co/DmzhQwyW', 'http://t.co/0Gns3pn2', 'http://t.co/LYRWtu88”']"
115,2031,['#worldseries'],[],[]
116,2054,['#sandy'],[],"['http://t.co/MPygpeAx', 'http://t.co/gT4t0ElM', 'http://t.co/hKtIRHym']"
117,2058,[],[],"['http://t.co/285tX54M', 'http://t.co/jFgH5KPc', 'http://t.co/oRFJYBnr']"
118,2059,[],[],"['http://t.co/TDFXIqmE', 'http://t.co/ZQWGGE5W', 'http://t.co/kXPUh8jD']"
119,2061,[],['@UnionJworld'],"['http://t.co/3fDqwfen)', 'http://t.co/1UEcwt7r)', 'http://t.co/4ZiVHkC5)']"
120,2062,[],[],"['http://t.co/uPXXZvuc', 'http://t.co/t9lyWoD2', 'http://t.co/apW5fjHU']"
121,2119,[],[],"['http://t.co/avnYMjUS', 'http://t.co/Qw14Iixa']"
122,2138,[],[],"['http://t.co/HaDpB24n', 'http://t.co/NXSmTLOu', 'http://t.co/XmbGzDca']"
123,2158,[],[],"['http://t.co/Fam85kd7', 'http://t.co/NxLDGzAl', 'http://t.co/z2o2NiJ9']"
124,2159,['#rfcvafc'],[],[]
125,2226,"['#hardworking', '#mountains']",['@'],"['http://t.co/kketGUSn', 'http://t.co/JugpbyKt', 'http://t.co/LMLcTexr']"
126,2228,[],[],"['http://t.co/xpg81frG', 'http://t.co/MgUUfTuq', 'http://t.co/VjOiyF4d']"
127,2229,[],[],"['http://t.co/Z3gz2irk', 'http://t.co/GxkAiW8H', 'http://t.co/VAeeeq9F']"
128,2245,['#amazing'],['@ilejnOfficial'],"['http://t.co/pUg2P2Rf', 'http://t.co/4PbTNye6', 'http://t.co/a3ZZrHIG']"
129,2259,[],[],[]
130,2275,['#rip'],[],['http://t.co/xFSc2v4K']
131,2302,[],[],"['http://t.co/mFgo30tz', 'http://t.co/RL0A1c3m']"
132,2318,[],[],[]
133,2479,[],['@Real_Liam_Payne'],"['http://t.co/KkiKBgOW)', 'http://t.co/SvjvYtOf)', 'http://t.co/iwfm8ji7)']"
134,2480,[],"['@Real_Liam_Payne', '@Tiff_Zaz']","['http://t.co/URtQX5he)', 'http://t.co/CSuU8E9D)', 'http://t.co/ch7sSyTa)']"
135,2481,[],['@Real_Liam_Payne'],"['http://t.co/IhFY6lFp)', 'http://t.co/gbKoJBSP)', 'http://t.co/oIV03z9m)']"
136,2484,[],[],"['http://t.co/HHLSrMxU', 'http://t.co/GjwjfteY', 'http://t.co/btAgDD8r']"
137,2517,['#rt'],[],[]
138,2530,"['#sorrynotsorry', '#redboxkindanight']",['@KiloniLee'],"['http://t.co/tCsHL9wf', 'http://t.co/JqXlu1yz', 'http://t.co/NihjWfaL']"
139,2558,[],[],"['http://t.co/cHsqRT1G', 'http://t.co/KtvWauRw', 'http://t.co/AFdyO0NG']"
140,2578,['#rt'],[],[]
141,2597,[],[],"['http://t.co/AdGBOM9r', 'http://t.co/J05fCekM', 'http://t.co/HU3GVzXJ']"
142,2621,['#1'],[],"['http://t.co/ph12LfkX', 'http://t.co/N5N3kqpo', 'http://t.co/hQMaicYv']"
143,2638,[],"['@Ayo_NiyNizzle', '@__SaluteMySWAG']",[]
144,2649,[],[],"['http://t.co/KKJqU83K', 'http://t.co/xqh7fXGv', 'http://t.co/M3rpxfYI']"
145,2671,[],[],[]
146,2674,"['#vixenslyfe', '#vixensnation', '#2012']",['@theeebombdotcom'],"['http://t.co/83LMFD2Z', 'http://t.co/XBnyZAs8', 'http://t.co/jNAMv0kB']"
147,2699,['#geordieshore'],[],[]
