,Time,Title,Keywords,Top_Hashtags,Top_Mentions,Top_URLs,Number_of_Tweets
0,2012-10-10 00:24:00,Is that a white girl,"['bar', 'girl', 'got', 'kill', 'rap', 'tho', 'white']",[],[],[],5
1,2012-10-10 00:57:00,All I want for my birthday is a big booty hoe,"['ah', 'behind', 'big', 'birthday', 'booti', 'chainz', 'choir', 'fa', 'farreal', 'girl', 'got', 'hoe', 'hype', 'iwant', 'lol', 'sing', 'start', 'step', 'turn', 'tv', 'want']",[],['@TGI_David'],[],5
2,2012-10-10 01:55:00,Dad's getting way too into this holiday! http://t.co/mMiVgz7x,"['bakedlt', 'boo', 'cooki', 'dad', 'get', 'holiday', 'shout', 'way']",[],['@69maryjanee'],"['http://t.co/mMiVgz7x', 'http://t.co/t05IeKSs', 'http://t.co/8iePERFz']",3
3,2012-10-10 01:55:00,Lean Back ! Lol,"['back', 'ctfu', 'danc', 'lean', 'lol', 'oh', 'shit']",[],[],[],4
4,2012-10-10 02:04:00,Ready To Watch Keyshia &amp; Daniel Lil' Show !,"['amp', 'daniel', 'everybodi', 'keyshia', 'lil', 'readi', 'show', 'watch', 'wtf']",[],[],[],2
5,2012-10-10 02:08:00,Now for keyshia and daniel!!!,"['cant', 'cute', 'daniel', 'keyshia', 'thursday', 'till', 'togeth', 'wait']",[],[],[],3
6,2012-10-10 15:57:00,Making him comfortable lol  http://t.co/CRp5SaF8,"['bean', 'chalkboard', 'comfort', 'lol', 'make', 'mcdonald', 'ridicul', 'spill', 'take']","['#wow', '#kjp', '#nautical']",[],"['http://t.co/CRp5SaF8', 'http://t.co/3pTG3p61', 'http://t.co/PC6lphTo']",5
7,2012-10-10 17:56:00,Siick! I got paid $119.13 so far by doing surveys! Can't wait for more! LOOK &gt; http://t.co/md0pVEWg,"['awesom', 'cant', 'cool', 'earn', 'excit', 'far', 'got', 'gt', 'look', 'paid', 'siick', 'survey', 'sweeet', 'wait']",[],[],"['http://t.co/md0pVEWg', 'http://t.co/RHJA1QEh', 'http://t.co/FYJXoT3S']",6
8,2012-10-10 18:19:00,Siick! I got paid $90.10 so far by doing surveys! Can't wait for more! LOOK &gt; http://t.co/ZJhKjC8T,"['cant', 'cool', 'earn', 'far', 'got', 'gt', 'like', 'look', 'made', 'paid', 'siick', 'survey', 'sweeet', 'wait']",[],[],"['http://t.co/ZJhKjC8T', 'http://t.co/83HllkVC', 'http://t.co/pmTZ3D1M']",5
9,2012-10-10 18:29:00,Sweeet! I made $111.16 so far from like surveys! Excited for more! LOOK &gt; http://t.co/uATy95kW,"['cant', 'cool', 'excit', 'far', 'got', 'gt', 'like', 'look', 'made', 'paid', 'siick', 'survey', 'sweeet', 'wait']",[],[],"['http://t.co/uATy95kW', 'http://t.co/Q7wgJBVS', 'http://t.co/SjgwmRxo']",5
10,2012-10-10 18:54:00,Awesome! I made $138.77 so far from like surveys! Can't wait for more! LOOK &gt; http://t.co/HTQeT7WI,"['awesom', 'cant', 'earn', 'excit', 'far', 'gt', 'like', 'look', 'made', 'siick', 'survey', 'sweeet', 'wait']",[],[],"['http://t.co/HTQeT7WI', 'http://t.co/LUYkWq3b', 'http://t.co/QAgv7KK2']",5
11,2012-10-10 20:15:00,Cool! I made $84.41 so far from like surveys! Can't wait for more! LOOK &gt; http://t.co/UREn4waQ,"['awesom', 'cant', 'cool', 'excit', 'far', 'got', 'gt', 'like', 'look', 'made', 'siick', 'survey', 'sweeet', 'wait']",[],[],"['http://t.co/UREn4waQ', 'http://t.co/xMuoMJaC', 'http://t.co/KlVn56hR']",5
12,2012-10-10 21:02:00,Cool! I earned $84.33 so far from surveys! Can't wait for more! LOOK &gt; http://t.co/uKSeZmXu,"['awesom', 'cant', 'cool', 'earn', 'excit', 'far', 'got', 'gt', 'look', 'paid', 'siick', 'survey', 'sweeet', 'wait']",[],[],"['http://t.co/uKSeZmXu', 'http://t.co/dfu63ccL', 'http://t.co/QDt8ckZV']",5
13,2012-10-10 22:34:00,Sweeet! I made $93.04 so far from surveys! Excited for more! LOOK &gt; http://t.co/7yzUAn2c,"['awesom', 'cant', 'earn', 'excit', 'far', 'got', 'gt', 'like', 'look', 'made', 'survey', 'sweeet', 'wait']",[],[],"['http://t.co/7yzUAn2c', 'http://t.co/R4bYelL7', 'http://t.co/X9MmDrWw']",6
14,2012-10-11 02:13:00,Mourning their friends and family  http://t.co/NBThrgEx,"['babi', 'come', 'complet', 'dae', 'dnae', 'famili', 'favorit', 'filter', 'friend', 'goal', 'hooter', 'ladi', 'life', 'makeup', 'may', 'mourn', 'new', 'photo', 'post', 'real', 'tomorrow', 'tweet', 'vs', 'world']",['#judgeme'],['@'],"['http://t.co/NBThrgEx', 'http://t.co/9yt8amBr', 'http://t.co/4L0hDqVd']",5
15,2012-10-11 15:35:00,Siick! I made $123.36 so far from surveys! Can't wait for more! LOOK &gt; http://t.co/JMAzOtCM,"['cant', 'cool', 'far', 'got', 'gt', 'like', 'look', 'made', 'paid', 'siick', 'survey', 'sweeet', 'wait']",[],[],"['http://t.co/JMAzOtCM', 'http://t.co/ZU7a3XKp', 'http://t.co/PRA4Uanf']",6
16,2012-10-11 15:50:00,Sweeet! I made $116.13 so far from like surveys! Cant wait for more! LOOK &gt; http://t.co/KJGURtlC,"['awesom', 'cant', 'cool', 'excit', 'far', 'got', 'gt', 'like', 'look', 'made', 'paid', 'survey', 'sweeet', 'wait']",[],[],"['http://t.co/KJGURtlC', 'http://t.co/sKC7VKzk', 'http://t.co/Gu1Od3M3']",5
17,2012-10-11 17:30:00,Twins! http://t.co/N6d4JhOi,"['ahh', 'back', 'bape', 'ceram', 'collect', 'cookbook', 'day', 'littl', 'love', 'made', 'sleep', 'teapot', 'twin', 'wake']",['#tbt'],[],"['http://t.co/N6d4JhOi', 'http://t.co/6UuB4eZV', 'http://t.co/H3MYgQax']",5
18,2012-10-11 18:22:00,#tbt who is in the air @kpolsie @lisa_will25  http://t.co/TLjCcEZs,"['air', 'bro', 'final', 'lil', 'photo', 'post', 'truth', 'via']","['#tbt', '#regram', '#follow']","['@kpolsie', '@lisa_will25', '@ashleysmall']","['http://t.co/TLjCcEZs', 'http://t.co/wuNWkqDO', 'http://t.co/SAGMClVS']",5
19,2012-10-11 20:03:00,Siick! I earned $135.02 so far from surveys! Excited for more! LOOK &gt; http://t.co/lEFLgfDk,"['cant', 'cool', 'earn', 'excit', 'far', 'got', 'gt', 'like', 'look', 'made', 'paid', 'siick', 'survey', 'sweeet', 'wait']",[],[],"['http://t.co/lEFLgfDk', 'http://t.co/QJ6Yqzg0', 'http://t.co/epHezDU2']",5
20,2012-10-11 20:10:00,Siick! I got paid $94.49 so far from like surveys! Cant wait for more! LOOK &gt; http://t.co/kJXd3qQs,"['awesom', 'cant', 'cool', 'excit', 'far', 'got', 'gt', 'like', 'look', 'made', 'paid', 'siick', 'survey', 'sweeet', 'wait']",[],[],"['http://t.co/kJXd3qQs', 'http://t.co/ZL4kBl1V', 'http://t.co/cpOLqZMC']",5
21,2012-10-11 21:32:00,Sweeet! I got paid $132.42 so far from like surveys! Waiting for more! LOOK &gt; http://t.co/DY9kOVZ9,"['awesom', 'earn', 'excit', 'far', 'got', 'gt', 'like', 'look', 'paid', 'siick', 'survey', 'sweeet', 'wait']",[],[],"['http://t.co/DY9kOVZ9', 'http://t.co/l0b6imzD', 'http://t.co/YQ2ibTw1']",5
22,2012-10-11 21:37:00,Siick! I earned $86.55 so far from surveys! Excited for more! LOOK &gt; http://t.co/AEUwJt35,"['awesom', 'cant', 'earn', 'excit', 'far', 'got', 'gt', 'look', 'siick', 'survey', 'sweeet', 'wait']",[],[],"['http://t.co/AEUwJt35', 'http://t.co/xis20H4Q', 'http://t.co/1HpVjqrs']",6
23,2012-10-11 23:08:00,Looking for donations!!! http://t.co/63jPzLnd,"['bff', 'donat', 'fuck', 'go', 'let', 'look', 'photo', 'post']","['#wedding', '#funtimes']",['@samantha_lynch0421'],"['http://t.co/63jPzLnd', 'http://t.co/DNZENV6l', 'http://t.co/KlA1TmW2']",5
24,2012-10-12 01:25:00,Facts matter!!!,"['fact', 'matter', 'realli']",[],[],[],2
25,2012-10-12 01:41:00,"VP @JoeBiden: ""I've never met two guys who are more down on America... stop talking about how you care about people. Show me a policy.""","['america', 'biden', 'care', 'fuck', 'go', 'guy', 'help', 'ive', 'joe', 'met', 'never', 'peopl', 'polici', 'respons', 'show', 'someth', 'stop', 'take', 'talk', 'two', 'vp', 'yes', 'your']",['#vpdebate'],['@JoeBiden'],[],3
26,2012-10-12 01:55:00,Awesome! I got paid $105.42 so far from like surveys! Waiting for more! LOOK &gt; http://t.co/7ZStnZgZ,"['awesom', 'cant', 'cool', 'earn', 'excit', 'far', 'got', 'gt', 'like', 'look', 'made', 'paid', 'siick', 'survey', 'wait']",[],[],"['http://t.co/7ZStnZgZ', 'http://t.co/UkaRslmV', 'http://t.co/Ixyvsghb']",5
27,2012-10-12 01:58:00,"""Oh, now you're Jack Kennedy?"" #VPDebate #p2 #gapol #gapolitics","['bad', 'biden', 'itic', 'jack', 'kennedi', 'loos', 'oh', 'ryan', 'your']","['#p2', '#vpdebate', '#gapol']",[],[],3
28,2012-10-12 02:25:00,"Ryan: Romney Administration will oppose abortion except in cases of rape, incest and life of the mother. Take note, folks.","['abort', 'administr', 'case', 'except', 'father', 'folk', 'incest', 'kelli', 'life', 'mother', 'note', 'oppos', 'rape', 'romney', 'ryan', 'take']",[],[],[],2
29,2012-10-12 02:53:00,Cool! I got paid $116.87 so far from surveys! Waiting for more! LOOK &gt; http://t.co/TMOvxvWv,"['cant', 'cool', 'excit', 'far', 'got', 'gt', 'like', 'look', 'made', 'paid', 'siick', 'survey', 'sweeet', 'wait']",[],[],"['http://t.co/TMOvxvWv', 'http://t.co/8IFBBspB', 'http://t.co/5Ew4wooh']",5
30,2012-10-12 10:58:00,SE Asia Stocks-Most edge up in bearish week; commodities rebound http://t.co/TLNHHqE4,"['asia', 'autism', 'bearish', 'commod', 'design', 'designhir', 'diagnosi', 'edg', 'import', 'magento', 'rebound', 'rememb', 'se', 'stocksmost', 'take', 'templat', 'week', 'wordpress']",[],[],"['http://t.co/TLNHHqE4', 'http://t.co/PgcX5PEN', 'http://t.co/yRkGvC6I']",3
31,2012-10-12 13:11:00,It may feel as if you're lingering in a dream state and time i... More for Cancer http://t.co/ynG3e8ye,"['cancer', 'dream', 'feel', 'linger', 'may', 'state', 'time', 'your']",[],[],"['http://t.co/ynG3e8ye', 'http://t.co/AZXqZmSN', 'http://t.co/AGEXW48L']",5
32,2012-10-12 16:30:00,Sweeet! I made $69.11 so far by doing surveys! Cant wait for more! LOOK &gt; http://t.co/4i1lMS4j,"['cant', 'earn', 'far', 'got', 'gt', 'like', 'look', 'made', 'siick', 'survey', 'sweeet', 'wait']",[],[],"['http://t.co/4i1lMS4j', 'http://t.co/DK9IfSrt', 'http://t.co/DmIF8N7b']",5
33,2012-10-12 17:00:00,Siick! I got paid $131.56 so far from like surveys! Excited for more! LOOK &gt; http://t.co/Wm87QVdW,"['awesom', 'cant', 'cool', 'excit', 'far', 'got', 'gt', 'like', 'look', 'paid', 'siick', 'survey', 'sweeet', 'wait']",[],[],"['http://t.co/Wm87QVdW', 'http://t.co/ms37H9S3', 'http://t.co/AKrlyrVl']",5
34,2012-10-12 17:20:00,Sweeet! I earned $66.34 so far from like surveys! Cant wait for more! LOOK &gt; http://t.co/YpDF6toq,"['cant', 'cool', 'earn', 'excit', 'far', 'got', 'gt', 'like', 'look', 'paid', 'siick', 'survey', 'sweeet', 'wait']",[],[],"['http://t.co/YpDF6toq', 'http://t.co/zMCBNLZp', 'http://t.co/hRARDxfX']",5
35,2012-10-12 20:09:00,Cool! I made $80.93 so far by doing surveys! Excited for more! LOOK &gt; http://t.co/56pgMfJw,"['cant', 'cool', 'earn', 'excit', 'far', 'got', 'gt', 'like', 'look', 'made', 'survey', 'sweeet', 'wait']",[],[],"['http://t.co/56pgMfJw', 'http://t.co/9j34zJdZ', 'http://t.co/W1oj8u7g']",5
36,2012-10-12 21:39:00,Sweeet! I made $79.20 so far from surveys! Cant wait for more! LOOK &gt; http://t.co/vmCUgqOH,"['cant', 'cool', 'earn', 'excit', 'far', 'got', 'gt', 'like', 'look', 'made', 'paid', 'siick', 'survey', 'sweeet', 'wait']",[],[],"['http://t.co/vmCUgqOH', 'http://t.co/xhNSwZYF', 'http://t.co/g3XprDTN']",6
37,2012-10-13 00:50:00,Who wants a candy?    #candy #instagood #instacool  http://t.co/AAZKoKg9,"['candi', 'courtenay', 'cuter', 'feel', 'gris', 'hope', 'look', 'moo', 'much', 'pinot', 'readi', 'start', 'store', 'suit', 'tast', 'tonight', 'tri', 'want', 'wine']","['#do', '#forget', '#candy']","['@CourtenayVQA', '@']","['http://t.co/SzMXXpWZ', 'http://t.co/AAZKoKg9', 'http://t.co/vQS9eITM']",5
38,2012-10-14 05:21:00,Girardi: Jeter fractured ankle.,"['ankl', 'break', 'derek', 'detail', 'fractur', 'girardi', 'jeter', 'tune']",['#mlbtonight'],[],[],2
39,2012-10-14 16:06:00,Just posted a photo http://t.co/mJrxLW93,"['eh', 'oh', 'photo', 'post', 'spot']",[],[],"['http://t.co/mJrxLW93', 'http://t.co/XyD0pxx7']",2
40,2012-10-14 16:42:00,Seriously http://t.co/u8sbsgNX,"['day', 'friend', 'new', 'nycc', 'photo', 'post', 'queen', 'serious', 'sketch', 'swagg', 'white']",[],[],"['http://t.co/u8sbsgNX', 'http://t.co/l3LNsLNM', 'http://t.co/kYnAk5en']",4
41,2012-10-14 17:27:00,I don't know why but I find this picture hilarious http://t.co/D9o5X4v9,"['apart', 'dont', 'find', 'friday', 'hilari', 'know', 'last', 'listen', 'night', 'photo', 'pictur', 'post', 'soccer', 'special', 'thank']",[],"['@ayyokell', '@meganbealee', '@ashiejayy']","['http://t.co/D9o5X4v9', 'http://t.co/7qyENRD4', 'http://t.co/TfomFiXT']",6
42,2012-10-14 17:37:00,About to watch some history!!,"['bull', 'edg', 'freefal', 'histori', 'red', 'space', 'strato', 'via', 'watch']",[],['@youtube'],['http://t.co/GKgAxG4I'],2
43,2012-10-14 18:06:00,#livejump @redbullstratos http://t.co/Re42BvBC ... Do it Felix.,"['felix', 'freak', 'good', 'irsh', 'luck', 'tottal']","['#livejump', '#legend']",['@redbullstratos'],"['http://t.co/Re42BvBC', 'http://t.co/QtM0skfN']",2
44,2012-10-14 18:18:00,'I'm going home now...' Felix Baumgartner 14.10.2012,"['baumgartn', 'felix', 'go', 'home', 'im']",[],[],[],2
45,2012-10-14 18:20:00,ED.!!!!!  @ City of Pontiac http://t.co/rzQumumS,"['citi', 'ed', 'photo', 'pontiac', 'post']",[],['@'],"['http://t.co/rzQumumS', 'http://t.co/PtlWM0Ss', 'http://t.co/fmWgsasl']",3
46,2012-10-14 18:26:00,Mission accomplished! @RedBullStratos #livejump http://t.co/u65YSgmX,"['accomplish', 'mission', 'pretti', 'spectacular']",['#livejump'],['@RedBullStratos'],"['http://t.co/u65YSgmX', 'http://t.co/RUJcy4nG']",3
47,2012-10-14 19:24:00,$99.02 this week! This is how I really make an extra salary... You can too &gt;&gt; http://t.co/uazU0UBO,"['actual', 'cash', 'come', 'earn', 'extra', 'get', 'gtgt', 'incom', 'invit', 'make', 'parttim', 'realli', 'right', 'salari', 'see', 'week']",[],[],"['http://t.co/uazU0UBO', 'http://t.co/kiFbONsP', 'http://t.co/WU3Y6yoA']",5
48,2012-10-14 19:48:00,It's an everyday thing !  http://t.co/AHlSmwQi,"['everyday', 'gamelol', 'morn', 'photo', 'post', 'stupid', 'talkin', 'thing']",[],[],"['http://t.co/AHlSmwQi', 'http://t.co/lmAeZzPQ', 'http://t.co/b3DGtyY6']",5
49,2012-10-14 22:33:00,Fall on Campus http://t.co/JpfpCtnn,"['alleyclub', 'bowl', 'campus', 'ever', 'fall', 'inbound', 'market', 'nicest', 'photo', 'post']",['#prsaicon'],[],"['http://t.co/JpfpCtnn', 'http://t.co/MkbHN1F9', 'http://t.co/GUbLP2le']",5
50,2012-10-15 00:38:00,When I had hair... http://t.co/4DwKNc2s,"['hair', 'mom', 'niec', 'photo', 'post', 'year']",['#fair2012'],['@my_name_is_bubbles7'],"['http://t.co/4DwKNc2s', 'http://t.co/RQ7o0Hqy', 'http://t.co/su8ehkiT']",5
51,2012-10-15 13:38:00,Good morning everyone.,"['bun', 'everyon', 'good', 'great', 'honey', 'morn', 'superstar', 'tho', 'week']",['#amped'],"['@CEEsheeBOMB', '@ohMYE_shefLy']",[],5
52,2012-10-15 20:25:00,Bored To The Bone Lol http://t.co/WdYJPesZ,"['bone', 'bore', 'great', 'lol', 'photo', 'post']",[],[],"['http://t.co/WdYJPesZ', 'http://t.co/Wt4rRGTP', 'http://t.co/oVUD4lRE']",3
53,2012-10-16 21:34:00,Just posted a photo http://t.co/rWbgDHM1,"['cake', 'citi', 'decor', 'old', 'photo', 'post']",['#stockholm'],[],"['http://t.co/rWbgDHM1', 'http://t.co/yGmeBhZB', 'http://t.co/TEVksOWa']",5
54,2012-10-16 23:18:00,Did anyone else just feel an earthquake. ...?,"['anyon', 'earthquak', 'els', 'feel', 'ground', 'shake']",[],[],[],2
55,2012-10-17 01:11:00,Bout to watch the debate,"['bout', 'debat', 'watch']",[],[],[],2
56,2012-10-17 01:17:00,The Sky Was Trippy Earlier  http://t.co/zolZhyze,"['cup', 'earlier', 'four', 'shawti', 'sky', 'trippi']",[],[],"['http://t.co/zolZhyze', 'http://t.co/oteKu3q7']",2
57,2012-10-17 01:23:00,He's only have a 1- point plan,"['got', 'hes', 'obama', 'one', 'plan', 'point', 'romney', 'zing']",['#debate'],[],[],2
58,2012-10-17 01:35:00,Romney ain't shit mane. Str8 ^,"['aint', 'mane', 'mitt', 'romney', 'shit', 'str']",[],[],[],6
59,2012-10-17 01:41:00,Just posted a photo http://t.co/FMLzqPQG,"['daili', 'kitteh', 'photo', 'post']",[],[],"['http://t.co/FMLzqPQG', 'http://t.co/pcXkTgoS']",2
60,2012-10-17 01:42:00,"""we haven't heard in from the governor any specifics beyond big bird and terminating funding for Planned Parenthood."" @BarackObama","['beyond', 'big', 'bird', 'elimin', 'fund', 'governor', 'havent', 'heard', 'parenthood', 'plan', 'specif', 'termin']",['#romney'],['@BarackObama'],[],2
61,2012-10-17 01:43:00,"my TL looking like, 👇
Obama 
Obama 
Obama
Fuck Romney 
Obama 
Obama
And some hoe talkin bout she lonely","['bout', 'fuck', 'hoe', 'like', 'lone', 'look', 'obama', 'romney', 'talkin', 'tl']",[],[],[],2
62,2012-10-17 01:49:00,Obama says trampling religious liberty helps women achieve pay equity. ??? #AJC2012debate,"['achiev', 'current', 'equiti', 'help', 'know', 'less', 'liberti', 'men', 'obama', 'pay', 'religi', 'say', 'trampl', 'women']","['#ajc2012debate', '#debate']","['@Heritage', '@WhiteHouse', '@BriannaKay27']",['http://t.co/6g1gAP6H'],2
63,2012-10-17 01:54:00,You know who has binders full of women? Serial killers. #debate,"['anybodi', 'binder', 'boy', 'exact', 'five', 'full', 'im', 'killer', 'know', 'look', 'mitt', 'oh', 'plan', 'point', 'realli', 'serial', 'tell', 'women']","['#debate', '#debates']",[],[],5
64,2012-10-17 01:54:00,Just posted a photo http://t.co/GHIEKznH,"['photo', 'post']",[],[],"['http://t.co/GHIEKznH', 'http://t.co/xSokvty2']",2
65,2012-10-17 01:57:00,"Obama zinger: Governor, you're the last person who's gonna get tough on China #debate","['boom', 'china', 'get', 'go', 'gonna', 'gov', 'governor', 'last', 'mike', 'obama', 'person', 'romney', 'that', 'throw', 'tough', 'whos', 'your', 'zinger']","['#debate', '#potus', '#sensata']",[],[],3
66,2012-10-17 02:01:00,"Boy, I'm full of women! #debates","['boy', 'full', 'im', 'women']",['#debates'],[],[],2
67,2012-10-17 02:03:00,Please follow the love of my life 😉😍😘😚😜☺😊😀😃😄👌👍💏👪👫👜👠❤💚💜💛💓💕💖💞💘💌💋 @lagibabi  http://t.co/q5hDW6x3,"['awhh', 'debat', 'favorit', 'follow', 'give', 'guy', 'life', 'love', 'photo', 'pleas', 'post', 'thumb', 'yeah']",[],"['@ian_Guyo', '@lagibabi']","['http://t.co/7i1jMnHZ', 'http://t.co/q5hDW6x3', 'http://t.co/CmSYZrlc']",5
68,2012-10-17 02:14:00,My pension is not as big as yours....,"['big', 'doesnt', 'dont', 'long', 'look', 'obama', 'ouch', 'pension', 'romney', 'take']","['#zing', '#debate']",[],[],5
69,2012-10-17 02:30:00,The answer to gun violence is no single moms. Thanks Romney. #Douche #debate,"['answer', 'gun', 'mom', 'romney', 'singl', 'thank', 'violenc']","['#douche', '#debate']",[],[],2
70,2012-10-17 02:32:00,Live nights like this waterfront action yesterday  http://t.co/chzrdkuq,"['action', 'bit', 'bubbl', 'car', 'classmat', 'idk', 'lik', 'like', 'live', 'next', 'nice', 'night', 'order', 'round', 'waterfront', 'yesterday']","['#usmnt', '#budlight', '#bubbles']",[],"['http://t.co/chzrdkuq', 'http://t.co/yHMehP9z', 'http://t.co/7FmGPUC4']",5
71,2012-10-17 02:32:00,"RT @14Kathi: RT @michellemalkin: LIAR: Flashback No, Obama Didn’t Call Benghazi “Act of Terror” in Speech ==&gt; http://t.co/P3t0urvi","['act', 'ambassador', 'benghazi', 'call', 'candi', 'die', 'flashback', 'gt', 'liar', 'lie', 'obama', 'speech', 'terror']",[],"['@14Kathi', '@michellemalkin']","['http://t.co/P3t0urvi', 'http://t.co/qyIvnM19']",2
72,2012-10-17 02:40:00,"Gov. Romney wat is 1+1?

Romney: Ive been doin 1+1 all my life, I Owned businesses, I saw Jesus,  plus obama never saw jesus.

Bitch say 2!","['bitch', 'blue', 'busi', 'color', 'doin', 'gov', 'ive', 'jesus', 'life', 'never', 'obama', 'own', 'plus', 'pres', 'romney', 'saw', 'say', 'seen', 'sky', 'wat']",[],[],[],5
73,2012-10-17 02:43:00,"""government does not create jobs"" says the man who wants to be president and 'make jobs'","['creat', 'govern', 'job', 'make', 'man', 'plan', 'presid', 'rmoney', 'say', 'wait', 'want']",['#debate'],[],[],2
74,2012-10-17 02:47:00,"Mitt GOVERNMENT DOES CREATE JOBS! Have you ever  heard about the WPA, FDR, LBJ? #debate","['back', 'case', 'come', 'creat', 'dont', 'ever', 'fdr', 'govern', 'heard', 'job', 'lbj', 'lowskil', 'lowwag', 'mitt', 'obama', 'point', 'romney', 'shit', 'vote', 'wont', 'word', 'wpa']","['#debate', '#cnndebate']",[],['http://t.co/tGoqlXAN'],3
75,2012-10-17 02:47:00,"pretty sure people in bars around DC disagree with this whole ""government doesn't creat jobs"" thing, Mitt.","['around', 'bar', 'creat', 'dc', 'disagre', 'doesnt', 'govern', 'job', 'million', 'mitt', 'peopl', 'pretti', 'sure', 'thing', 'whole']","['#current2012', '#flipflop', '#debate']",['@MittRomney'],[],2
76,2012-10-17 02:50:00,"Gov. Romney what is 2+2?

Romney: Ive been doin math all my life, I Owned businesses, I saw God, pres obama never saw God

B*tch say 4!","['bitch', 'btch', 'busi', 'color', 'doin', 'god', 'gov', 'ive', 'jesus', 'life', 'math', 'never', 'obama', 'own', 'pres', 'romney', 'saw', 'say', 'seen', 'sky', 'true', 'wat']",[],['@brianlundy'],[],5
77,2012-10-18 02:10:00,Upset about X-Factor but now it's time for American Horror Story: Asylum! So ready to not sleep tonight! #AHS,"['adam', 'againgtgt', 'american', 'asylum', 'bed', 'cabl', 'duck', 'dynasti', 'fact', 'get', 'horror', 'levin', 'might', 'mom', 'omg', 'park', 'readi', 'rid', 'scene', 'sex', 'sleep', 'south', 'stori', 'thank', 'time', 'tonight', 'upset', 'watch', 'xfactor']","['#ahs', '#season2']",['@morglodo_'],[],8
78,2012-10-19 20:39:00,aw my bby georgey :') (@UnionJworld live on http://t.co/fNRxmMDl),"['argentina', 'aw', 'bbi', 'eleph', 'florida', 'georgey', 'give', 'guy', 'hi', 'live', 'love', 'lt', 'mous', 'pleas', 'rather', 'samina', 'say', 'shoutout', 'size', 'would']",['#unionjtwitcam'],['@UnionJworld'],"['http://t.co/fNRxmMDl)', 'http://t.co/pcz0109W)', 'http://t.co/AE57uQK7)']",5
79,2012-10-19 20:47:00,best horror movie #unionjtwitcam (@UnionJworld live on http://t.co/TmKihEkn),"['anyth', 'best', 'care', 'chloe', 'dont', 'even', 'favorit', 'food', 'get', 'glad', 'got', 'horror', 'im', 'live', 'love', 'movi', 'pleas', 'say', 'speak', 'swedish', 'watch', 'xd']",['#unionjtwitcam'],['@UnionJworld'],"['http://t.co/TmKihEkn)', 'http://t.co/u3SG5I4O)', 'http://t.co/H1mvOtgw)']",5
80,2012-10-20 15:58:00,My Beach Trip &lt;3 #2012 http://t.co/ajqCtl1T,"['beach', 'beebi', 'drive', 'import', 'lt', 'trip', 'word', 'worth', 'yousif']","['#2012', '#chicago']",['@tezmcclain'],"['http://t.co/ajqCtl1T', 'http://t.co/sgGTUiAU', 'http://t.co/OeL7hBdK']",5
81,2012-10-20 20:21:00,James Arthurs voice is incredible #XFactor,"['arthur', 'dope', 'incred', 'jame', 'perfect', 'sick', 'voic', 'winnn', 'yes']",['#xfactor'],[],[],6
82,2012-10-21 21:33:00,"#Nadarkhani's attorney says Youcef's freedom ""brought mankind closer to each other"" http://t.co/fZbJserR Now he is imprisoned via @ACLJ","['attorney', 'brought', 'closer', 'freedom', 'imprison', 'mankind', 'say', 'via', 'youcef']",['#nadarkhani'],['@ACLJ'],"['http://t.co/fZbJserR', 'http://t.co/ovYzx6XP', 'http://t.co/9Fy4tshb']",5
83,2012-10-22 01:05:00,I unlocked the The Walking Dead: Sick sticker on #GetGlue! http://t.co/Oo1S7pFY,"['bridezilla', 'dead', 'sick', 'sticker', 'unlock', 'walk', 'watch']","['#getglue', '#walkingdead']",[],"['http://t.co/Oo1S7pFY', 'http://t.co/pqCquBUF']",5
84,2012-10-23 01:30:00,I don't need to Watch NO Debate to Determine who I'm voting for..#Obama,"['debat', 'determin', 'dont', 'even', 'everi', 'fuck', 'homework', 'im', 'keep', 'need', 'thing', 'twitter', 'updat', 'vote', 'watch']",['#obama'],[],[],5
85,2012-10-23 01:39:00,America remains the one indispensible nation. -BO #debate,"['america', 'bo', 'came', 'indispens', 'nation', 'need', 'offic', 'one', 'remain', 'strong', 'stronger', 'world']","['#debate', '#strongerwithobama']",[],[],2
86,2012-10-23 01:39:00,What's your policy for the future Romney? You don't know,"['agenda', 'binder', 'dont', 'full', 'futur', 'got', 'governor', 'ive', 'know', 'polici', 'romney', 'what', 'women']",['#cspan2012'],[],[],2
87,2012-10-23 01:52:00,"""We also have fewer horses and bayonets.""  #zing","['also', 'bayonet', 'clownin', 'cri', 'elbow', 'favorit', 'fewer', 'hors', 'im', 'line', 'lmao', 'lol', 'obama', 'presid', 'russellcalib', 'say', 'ship', 'that', 'threw', 'zing']","['#debate', '#zing', '#lynndebate']",['@BBCNewsUS'],[],6
88,2012-10-23 01:53:00,President Obama will stand by Israel because he UNDERSTANDS the Bible. #UnlikeMormonRomney,"['attack', 'bibl', 'israel', 'obama', 'presid', 'stand', 'understand']",['#unlikemormonromney'],[],[],2
89,2012-10-23 01:54:00,Romney is gettin cocky...#apgca2,"['cocki', 'gettin', 'im', 'lol', 'presid', 'romney', 'said']",['#apgca2'],[],[],2
90,2012-10-23 02:11:00,Bad Girls Club,"['bad', 'bahama', 'club', 'cutta', 'dont', 'girl', 'might', 'real', 'reunion', 'show', 'star', 'watch']",[],['@TheSexyUnicorn'],[],5
91,2012-10-23 02:16:00,Did he call him Obama Bin Laden????,"['bedtim', 'bin', 'bob', 'call', 'fool', 'honey', 'laden', 'lol', 'obama', 'past', 'realli', 'said', 'say', 'schieffer', 'smh', 'wow', 'yes', 'yo']","['#highlightofthedebate', '#debate', '#ivillagedebate']","['@OrigAssholeHop', '@ColoradoMom']",[],5
92,2012-10-23 02:30:00,Obama keeps trying to interrupt because he knows Romney is right !!!,"['airbrush', 'bo', 'histori', 'interrupt', 'keep', 'know', 'obama', 'right', 'romney', 'tri']",[],[],[],2
93,2012-10-23 02:35:00,Romney:  I love teachers.,"['especi', 'famili', 'governor', 'lmao', 'lol', 'love', 'mean', 'prefer', 'privat', 'romney', 'teacher', 'think']","['#debate', '#amen', '#thatsawrap']",[],[],8
94,2012-10-24 00:10:00,Pretty little liars #finally #pll,"['back', 'comfort', 'creeep', 'dont', 'feel', 'freak', 'get', 'go', 'liar', 'littl', 'mom', 'pretti', 'real', 'reward', 'tonight', 'tv', 'viggl', 'watch']","['#pll', '#finally', '#viggle']",[],[],5
95,2012-10-24 01:11:00,Hocus Pocus!,"['asleep', 'fall', 'forev', 'havent', 'hocus', 'pocus', 'seen', 'til', 'watch']",['#obviously'],[],[],5
96,2012-10-24 20:00:00,Just posted a photo http://t.co/AvDMr7u8,"['bestbuy', 'know', 'life', 'lol', 'photo', 'post', 'stori', 'time', 'what']","['#bestbuy', '#blackops2']",[],"['http://t.co/AvDMr7u8', 'http://t.co/97aHutw8', 'http://t.co/24mkbiND']",5
97,2012-10-24 23:47:00,Snappin Up 9 Months http://t.co/QfVb3fKp,"['month', 'photo', 'post', 'snappin']",[],[],"['http://t.co/QfVb3fKp', 'http://t.co/sgOq5iv7']",2
98,2012-10-25 01:37:00,Just posted a photo http://t.co/PJG1UrTy,"['consist', 'gtgt', 'kathleen', 'night', 'origin', 'photo', 'post', 'show', 'steff', 'uniform']",[],[],"['http://t.co/PJG1UrTy', 'http://t.co/tybU7OUz', 'http://t.co/Hde1jY4Y']",5
99,2012-10-26 00:19:00,👬 😂😂fasure http://t.co/wbCvliuc,"['black', 'cloud', 'come', 'crusad', 'fasur', 'look', 'pumpkin', 'vapor']",[],['@tourt22x'],"['http://t.co/kXwy5Lzh', 'http://t.co/wbCvliuc', 'http://t.co/8FjrpBzx']",5
100,2012-10-26 18:40:00,Just posted a photo http://t.co/k663Is1e,"['id', 'lmao', 'paint', 'photo', 'post', 'show', 'steeph', 'straight', 'thought']",[],[],"['http://t.co/k663Is1e', 'http://t.co/MXBoWxvt', 'http://t.co/Ghx42AQD']",5
101,2012-10-27 15:25:00,With my dear jungmd aor_orrawan http://t.co/56lUcH3T,"['aororrawan', 'build', 'dear', 'jungmd', 'photo', 'post', 'scrunchi', 'waseem']","['#nineties', '#90s', '#repost']",['@kennethalas'],"['http://t.co/56lUcH3T', 'http://t.co/4R9JcwtP', 'http://t.co/jWArEkwa']",5
102,2012-10-27 17:34:00,Just posted a photo http://t.co/o3xEQCAR,"['afternoon', 'good', 'homecom', 'ig', 'kayla', 'perk', 'photo', 'post', 'wallflow', 'yay']",['#repost'],[],"['http://t.co/o3xEQCAR', 'http://t.co/NBQ4S90N', 'http://t.co/qhuTQaQ6']",5
103,2012-10-27 19:01:00,Margs and fried pickles...yum http://t.co/TswcNgpw,"['fabul', 'fox', 'fri', 'frys', 'game', 'marg', 'mom', 'photo', 'picklesyum', 'post', 'tailgat', 'theatr', 'time', 'ultim', 'vip']","['#godevils', '#forkem']",['@'],"['http://t.co/TswcNgpw', 'http://t.co/OQPU5aCp', 'http://t.co/o38mLpL9']",5
104,2012-10-27 23:32:00,Just posted a photo http://t.co/OqRHao1l,"['artwork', 'blue', 'cousin', 'hous', 'lil', 'next', 'photo', 'post', 'progress', 'time']",[],['@'],"['http://t.co/OqRHao1l', 'http://t.co/s8avt78h', 'http://t.co/QROGSKMk']",5
105,2012-10-28 01:35:00,Turn up time! 😝 http://t.co/ctDGmqpT,"['banana', 'boi', 'day', 'good', 'lastnight', 'loneliest', 'miss', 'ol', 'one', 'photo', 'post', 'time', 'turn']",[],"['@ABrenesBoxing', '@CityofAngelsBox', '@MsFitzieBaby']","['http://t.co/ctDGmqpT', 'http://t.co/xRnVGtcE', 'http://t.co/l6SxFIGv”']",5
106,2012-10-28 14:43:00,It's really ALWAYS US. I know nothing of THEM ! http://t.co/bF1Zrv07,"['alway', 'babi', 'church', 'costum', 'duck', 'know', 'morin', 'noth', 'prop', 'readi', 'realli', 'us', 'week']",[],[],"['http://t.co/bF1Zrv07', 'http://t.co/q5EjBYCh', 'http://t.co/luExhuzi']",5
107,2012-10-28 17:28:00,love this ring! #holiday #portugal #2012 http://t.co/E3Ggklqp,"['convers', 'good', 'gtgtgt', 'love', 'messag', 'morn', 'night', 'one', 'ring', 'stand', 'vega']","['#holiday', '#portugal', '#2012']",['@always_dreamin1'],"['http://t.co/E3Ggklqp', 'http://t.co/Q23elZnG', 'http://t.co/3GAKC1qt']",5
108,2012-10-28 17:40:00,Just posted a photo http://t.co/MmD2VRuj,"['photo', 'post']",[],[],"['http://t.co/MmD2VRuj', 'http://t.co/icpTXLDb']",2
109,2012-10-28 18:30:00,Just posted a photo http://t.co/PXTfeGqM,"['blow', 'drink', 'photo', 'post']",['#samedamntime'],['@'],"['http://t.co/PXTfeGqM', 'http://t.co/WUPJmOe1', 'http://t.co/URwsFHia']",5
110,2012-10-28 19:01:00,moving mountains #backtocali http://t.co/LDYP55py,"['bite', 'day', 'game', 'hurrican', 'mountain', 'move', 'readi', 'silli']","['#backtocali', '#cowboysnation']",[],"['http://t.co/LDYP55py', 'http://t.co/YJ3m29dU', 'http://t.co/Q6AP2ZJj']",5
111,2012-10-29 00:32:00,Just posted a photo http://t.co/yxRWzRDO,"['alreadi', 'baber', 'best', 'concert', 'last', 'life', 'lt', 'miss', 'night', 'photo', 'post', 'seafood', 'spauld']",[],[],"['http://t.co/yxRWzRDO', 'http://t.co/12pKhwXI', 'http://t.co/u0gYtBuK']",5
112,2012-10-29 01:36:00,$65.74 this week! Right here is how I now make some extra cash... You're invited &gt;&gt; http://t.co/AP0wjcrD,"['actual', 'cash', 'come', 'earn', 'extra', 'gtgt', 'incom', 'invit', 'look', 'make', 'money', 'parttim', 'realli', 'right', 'see', 'week', 'your']",[],[],"['http://t.co/AP0wjcrD', 'http://t.co/90WerP3X', 'http://t.co/i0qLrge0']",5
113,2012-10-29 03:55:00,Congrats @SFGiants! World Series Champions!!!! #sfgiants,"['champion', 'congrat', 'seri', 'world']","['#worldseries', '#sfgiants']",['@SFGiants'],[],2
114,2012-10-29 03:58:00,Just posted a photo http://t.co/DmzhQwyW,"['fix', 'girl', 'hey', 'lol', 'night', 'nirvana', 'one', 'photo', 'post']",[],['@GwapsDreaded'],"['http://t.co/DmzhQwyW', 'http://t.co/0Gns3pn2', 'http://t.co/LYRWtu88”']",3
115,2012-10-29 04:02:00,Ftw! Fuck yeah giants baby! #worldseries,"['babi', 'congrat', 'congratul', 'deserv', 'francisco', 'ftw', 'fuck', 'giant', 'hell', 'im', 'san', 'sf', 'talk', 'that', 'well', 'yeah']",['#worldseries'],[],[],4
116,2012-10-29 16:31:00,Tomorrow it starts again 🔥🔥🔥🔥🔥 http://t.co/MPygpeAx,"['alright', 'head', 'let', 'photo', 'post', 'start', 'tomorrow']",['#sandy'],[],"['http://t.co/MPygpeAx', 'http://t.co/gT4t0ElM', 'http://t.co/hKtIRHym']",5
117,2012-10-29 19:27:00,$95.29 this week! This is how I now get parttime cash... You can too &gt;&gt; http://t.co/285tX54M,"['actual', 'cash', 'earn', 'extra', 'get', 'gtgt', 'incom', 'invit', 'make', 'money', 'part', 'parttim', 'realli', 'right', 'time', 'week', 'your']",[],[],"['http://t.co/285tX54M', 'http://t.co/jFgH5KPc', 'http://t.co/oRFJYBnr']",5
118,2012-10-29 23:53:00,$92.76 this week! This is how I actually get a part time income... You're invited &gt;&gt; http://t.co/TDFXIqmE,"['actual', 'cash', 'come', 'earn', 'extra', 'get', 'gtgt', 'incom', 'invit', 'look', 'make', 'money', 'part', 'parttim', 'realli', 'right', 'see', 'time', 'week', 'your']",[],[],"['http://t.co/TDFXIqmE', 'http://t.co/ZQWGGE5W', 'http://t.co/kXPUh8jD']",5
119,2012-10-30 00:35:00,You suck cock. (@UnionJworld live on http://t.co/3fDqwfen),"['austria', 'candi', 'cock', 'favorit', 'gabbi', 'georg', 'hi', 'like', 'live', 'love', 'say', 'suck', 'sushi', 'xxx', 'yall']",[],['@UnionJworld'],"['http://t.co/3fDqwfen)', 'http://t.co/1UEcwt7r)', 'http://t.co/4ZiVHkC5)']",5
120,2012-10-30 00:36:00,$90.76 this week! Right here is how I now earn a parttime income... You can too &gt;&gt; http://t.co/uPXXZvuc,"['actual', 'come', 'earn', 'extra', 'get', 'gtgt', 'incom', 'look', 'make', 'money', 'parttim', 'realli', 'right', 'salari', 'see', 'week']",[],[],"['http://t.co/uPXXZvuc', 'http://t.co/t9lyWoD2', 'http://t.co/apW5fjHU']",5
121,2012-10-30 20:33:00,Disney is buying Lucasfilm?!,"['buy', 'disney', 'episod', 'good', 'lucasfilm', 'marvel', 'pixar', 'star', 'war', 'whoa']",[],[],"['http://t.co/avnYMjUS', 'http://t.co/Qw14Iixa']",4
122,2012-10-30 20:51:00,Lol this is so funny http://t.co/NXSmTLOu,"['bright', 'busi', 'day', 'funni', 'lol', 'moon', 'simplic', 'sophist', 'time', 'tonight', 'ultim', 'unwind']",[],[],"['http://t.co/HaDpB24n', 'http://t.co/NXSmTLOu', 'http://t.co/XmbGzDca']",5
123,2012-10-30 22:05:00,$73.01 this week! Right here is how I actually make extra money... Look &gt;&gt; http://t.co/Fam85kd7,"['actual', 'cash', 'extra', 'get', 'gtgt', 'look', 'make', 'money', 'parttim', 'realli', 'right', 'salari', 'week']",[],[],"['http://t.co/Fam85kd7', 'http://t.co/NxLDGzAl', 'http://t.co/z2o2NiJ9']",5
124,2012-10-30 22:26:00,120 + 3 GOAL Reading 5 ARSENAL 7 Chamakh,"['arsenal', 'chamakh', 'emphat', 'finish', 'five', 'goal', 'read', 'walcott', 'yard']",['#rfcvafc'],[],[],2
125,2012-10-31 17:35:00,Nails idea💅 for tonight http://t.co/kketGUSn,"['complet', 'futur', 'gorgeous', 'idea', 'know', 'laboratori', 'makeup', 'nail', 'snow', 'tonight']","['#hardworking', '#mountains']",['@'],"['http://t.co/kketGUSn', 'http://t.co/JugpbyKt', 'http://t.co/LMLcTexr']",5
126,2012-10-31 19:08:00,Just posted a photo http://t.co/xpg81frG,"['meal', 'perfect', 'photo', 'post', 'that', 'wrap']",[],[],"['http://t.co/xpg81frG', 'http://t.co/MgUUfTuq', 'http://t.co/VjOiyF4d']",5
127,2012-10-31 19:19:00,BEST COSTUME EVER 😂👍 http://t.co/Z3gz2irk,"['babi', 'best', 'costum', 'ever', 'food', 'leslietyoung', 'love', 'photo', 'post', 'run', 'thatmartinguy']",[],[],"['http://t.co/Z3gz2irk', 'http://t.co/GxkAiW8H', 'http://t.co/VAeeeq9F']",5
128,2012-10-31 21:32:00,Nicki nd her lawyer journeigh http://t.co/pUg2P2Rf,"['bacon', 'berri', 'carv', 'clair', 'el', 'journeigh', 'lawyer', 'nd', 'nicki', 'rachel', 'skill', 'work']",['#amazing'],['@ilejnOfficial'],"['http://t.co/pUg2P2Rf', 'http://t.co/4PbTNye6', 'http://t.co/a3ZZrHIG']",5
129,2012-11-01 12:13:00,Good morning from QC!,"['america', 'dont', 'feel', 'good', 'morn', 'qc']",[],[],[],5
130,2012-11-01 18:40:00,Too freakin' cool. LOL http://t.co/xFSc2v4K,"['believ', 'biggest', 'cant', 'cool', 'die', 'earli', 'freakin', 'inspir', 'last', 'lol', 'lucker', 'metal', 'mitch', 'night', 'one', 'silenc', 'suicid']",['#rip'],[],['http://t.co/xFSc2v4K'],2
131,2012-11-01 23:04:00,Are you comfyy enough broo http://t.co/RL0A1c3m,"['broo', 'care', 'comfyy', 'enough', 'share']",[],[],"['http://t.co/mFgo30tz', 'http://t.co/RL0A1c3m']",5
132,2012-11-02 01:18:00,I strongly dislike Taylor swift.,"['dislik', 'love', 'strong', 'swift', 'taylor']",[],[],[],3
133,2012-11-03 04:21:00,ANDY DOWN!!! (@Real_Liam_Payne live on http://t.co/SvjvYtOf),"['ana', 'andi', 'cheerlead', 'follow', 'homework', 'hour', 'liam', 'like', 'live', 'pleas', 'practic', 'shout', 'tweet', 'wait', 'xx']",[],['@Real_Liam_Payne'],"['http://t.co/KkiKBgOW)', 'http://t.co/SvjvYtOf)', 'http://t.co/iwfm8ji7)']",5
134,2012-11-03 04:26:00,Follow me on twitter @Tiff_Zaz and I'll teach you Jamaican :) (@Real_Liam_Payne live on http://t.co/URtQX5he),"['box', 'cath', 'dick', 'dominican', 'follow', 'hello', 'hi', 'ill', 'jamaican', 'jenn', 'liam', 'live', 'republ', 'say', 'talk', 'teach', 'twitter', 'yayayaya']",[],"['@Real_Liam_Payne', '@Tiff_Zaz']","['http://t.co/URtQX5he)', 'http://t.co/CSuU8E9D)', 'http://t.co/ch7sSyTa)']",5
135,2012-11-03 04:30:00,LIAM WHY DONT YOU NOTICE ME (@Real_Liam_Payne live on http://t.co/IhFY6lFp),"['dont', 'liam', 'liamlt', 'live', 'load', 'love', 'lt', 'nake', 'notic']",[],['@Real_Liam_Payne'],"['http://t.co/IhFY6lFp)', 'http://t.co/gbKoJBSP)', 'http://t.co/oIV03z9m)']",5
136,2012-11-03 12:43:00,Your desire for stability in a relationship may give way to th... More for Libra http://t.co/HHLSrMxU,"['desir', 'give', 'libra', 'may', 'relationship', 'stabil', 'th', 'way']",[],[],"['http://t.co/HHLSrMxU', 'http://t.co/GjwjfteY', 'http://t.co/btAgDD8r']",5
137,2012-11-03 14:55:00,Good morning loves 😘,"['good', 'love', 'lt', 'mention', 'morn']",['#rt'],[],[],5
138,2012-11-03 23:20:00,Just posted a photo http://t.co/tCsHL9wf,"['im', 'orang', 'photo', 'post', 'recess', 'saturday', 'selfi', 'sometim', 'thought', 'would', 'yellow']","['#sorrynotsorry', '#redboxkindanight']",['@KiloniLee'],"['http://t.co/tCsHL9wf', 'http://t.co/JqXlu1yz', 'http://t.co/NihjWfaL']",5
139,2012-11-04 01:23:00,After the icing hardened :) http://t.co/cHsqRT1G,"['harden', 'ice', 'photo', 'post']",[],[],"['http://t.co/cHsqRT1G', 'http://t.co/KtvWauRw', 'http://t.co/AFdyO0NG']",5
140,2012-11-04 14:15:00,Good Morning ! (:,"['fam', 'good', 'love', 'mention', 'morn', 'tweet']",['#rt'],[],[],5
141,2012-11-04 23:35:00,She has an important call I guess lol http://t.co/AdGBOM9r,"['beauti', 'call', 'chill', 'elect', 'face', 'fall', 'guess', 'hand', 'import', 'lol', 'part', 'parti', 'watch']",[],[],"['http://t.co/AdGBOM9r', 'http://t.co/J05fCekM', 'http://t.co/HU3GVzXJ']",5
142,2012-11-06 01:00:00,_impaid I Found Yo Shirt!! http://t.co/ph12LfkX,"['bamalexand', 'found', 'homi', 'impaid', 'ladi', 'life', 'mama', 'photo', 'post', 'rollin', 'shirt', 'wit', 'yo']",['#1'],[],"['http://t.co/ph12LfkX', 'http://t.co/N5N3kqpo', 'http://t.co/hQMaicYv']",5
143,2012-11-06 12:18:00,Good morning 👋,"['day', 'good', 'morn', 'repli', 'wait']",[],"['@Ayo_NiyNizzle', '@__SaluteMySWAG']",[],3
144,2012-11-06 15:04:00,Just posted a photo http://t.co/KKJqU83K,"['necessari', 'never', 'photo', 'post']",[],[],"['http://t.co/KKJqU83K', 'http://t.co/xqh7fXGv', 'http://t.co/M3rpxfYI']",3
145,2012-11-06 16:00:00,Only our generation would take pictures on their ballots to put on instagram smh.,"['anyway', 'ballot', 'generat', 'instagram', 'pictur', 'put', 'smh', 'take', 'would']",[],[],[],2
146,2012-11-06 17:12:00,Just posted a photo http://t.co/83LMFD2Z,"['last', 'night', 'photo', 'post', 'present', 'research', 'scranton', 'smart', 'view', 'ya', 'yupp']","['#vixenslyfe', '#vixensnation', '#2012']",['@theeebombdotcom'],"['http://t.co/83LMFD2Z', 'http://t.co/XBnyZAs8', 'http://t.co/jNAMv0kB']",6
147,2012-11-06 22:13:00,GEORDIE SHORE WHEY AYE,"['aye', 'cant', 'fresh', 'geordi', 'gt', 'meat', 'moment', 'shore', 'that', 'twitter', 'watch', 'whey', 'worst']",['#geordieshore'],[],[],5
